date,actual,mean,naive,snaive_daily,snaive_weekly,drift,sarima,ml_true,ml_conditional,foundation_PLACEHOLDER
2016-05-13 19:00:00,208.33333333333334,97.46163394267658,348.3333333333333,123.33333333333333,126.66666666666667,348.432667343944,210.08097866514228,201.490340001012,173.9942973244385,123.33333333333333
2016-05-13 20:00:00,120.0,97.46163394267658,348.3333333333333,100.0,116.66666666666667,348.53200135455467,191.30605754946896,185.64971654688543,171.13822880904775,100.0
2016-05-13 21:00:00,63.333333333333336,97.46163394267658,348.3333333333333,71.66666666666667,71.66666666666667,348.63133536516534,137.7333743375344,91.00274480883304,91.85167835013034,71.66666666666667
2016-05-13 22:00:00,55.0,97.46163394267658,348.3333333333333,60.0,53.333333333333336,348.730669375776,111.50006086320921,78.79488532690152,71.0220804384939,60.0
2016-05-13 23:00:00,61.666666666666664,97.46163394267658,348.3333333333333,56.666666666666664,58.333333333333336,348.8300033863867,94.56515100356174,57.79267441095643,56.76612239213829,56.666666666666664
2016-05-14 00:00:00,58.333333333333336,97.46163394267658,348.3333333333333,55.0,51.666666666666664,348.92933739699737,84.06738339765332,53.47435101341292,54.39079739165284,55.0
2016-05-14 01:00:00,63.333333333333336,97.46163394267658,348.3333333333333,53.333333333333336,56.666666666666664,349.02867140760804,77.38121989650881,53.46526243318698,50.72755897786218,53.333333333333336
2016-05-14 02:00:00,60.0,97.46163394267658,348.3333333333333,58.333333333333336,53.333333333333336,349.1280054182187,71.55379143602471,51.95096266216631,51.4665338465155,58.333333333333336
2016-05-14 03:00:00,60.0,97.46163394267658,348.3333333333333,58.333333333333336,55.0,349.2273394288294,66.2680698971622,60.973440314210315,55.60334735977203,58.333333333333336
2016-05-14 04:00:00,60.0,97.46163394267658,348.3333333333333,50.0,55.0,349.32667343944007,62.61653028834563,61.325672454028926,58.27184362496152,50.0
2016-05-14 05:00:00,56.666666666666664,97.46163394267658,348.3333333333333,58.333333333333336,51.666666666666664,349.4260074500508,68.85098043010841,66.13521029299454,58.680759692612824,58.333333333333336
2016-05-14 06:00:00,63.333333333333336,97.46163394267658,348.3333333333333,146.66666666666666,53.333333333333336,349.5253414606615,79.90706768697596,98.91457098010784,92.37333613628087,146.66666666666666
2016-05-14 07:00:00,113.33333333333333,97.46163394267658,348.3333333333333,176.66666666666666,148.33333333333334,349.62467547127216,106.28827672893166,127.27559465982193,110.39307079169637,176.66666666666666
2016-05-14 08:00:00,133.33333333333334,97.46163394267658,348.3333333333333,338.3333333333333,121.66666666666667,349.72400948188283,127.55529378665148,151.7206618584716,163.3541904547323,338.3333333333333
2016-05-14 09:00:00,118.33333333333333,97.46163394267658,348.3333333333333,93.33333333333333,153.33333333333334,349.8233434924935,107.00535633379717,204.5245761141399,158.34629405952788,93.33333333333333
2016-05-14 10:00:00,158.33333333333334,97.46163394267658,348.3333333333333,73.33333333333333,178.33333333333334,349.9226775031042,112.7731898758882,178.82784560532718,174.68843572860976,73.33333333333333
2016-05-14 11:00:00,96.66666666666667,97.46163394267658,348.3333333333333,355.0,161.66666666666666,350.02201151371486,128.60415355125429,197.92381740983754,136.18863892929042,355.0
2016-05-14 12:00:00,116.66666666666667,97.46163394267658,348.3333333333333,301.6666666666667,86.66666666666667,350.12134552432553,119.12181918531451,195.91249617650033,148.58466227292146,301.6666666666667
2016-05-14 13:00:00,113.33333333333333,97.46163394267658,348.3333333333333,268.3333333333333,75.0,350.2206795349362,111.57471848930192,150.21655303044344,116.69767337077761,268.3333333333333
2016-05-14 14:00:00,106.66666666666667,97.46163394267658,348.3333333333333,318.3333333333333,88.33333333333333,350.3200135455469,109.97058655498427,165.51473823709043,137.3524672999142,318.3333333333333
2016-05-14 15:00:00,130.0,97.46163394267658,348.3333333333333,201.66666666666666,103.33333333333333,350.41934755615756,99.4687682471091,140.7763580801882,99.14773831661746,201.66666666666666
2016-05-14 16:00:00,111.66666666666667,97.46163394267658,348.3333333333333,351.6666666666667,91.66666666666667,350.51868156676824,134.00969655751697,111.06861757878778,75.91303704659376,351.6666666666667
2016-05-14 17:00:00,241.66666666666666,97.46163394267658,348.3333333333333,231.66666666666666,83.33333333333333,350.6180155773789,182.17994233481534,139.1840846579965,120.4860781178556,231.66666666666666
2016-05-14 18:00:00,166.66666666666666,97.46163394267658,348.3333333333333,348.3333333333333,285.0,350.7173495879896,182.65286193939946,209.49816947257287,188.56369625988455,348.3333333333333
2016-05-14 19:00:00,90.0,97.52798298634431,166.66666666666666,208.33333333333334,120.0,166.7041764640018,136.61742583757152,154.5454873197894,131.73832406191227,208.33333333333334
2016-05-14 20:00:00,86.66666666666667,97.52798298634431,166.66666666666666,120.0,86.66666666666667,166.7416862613369,110.38531537539453,115.8317484627888,83.21840154345122,120.0
2016-05-14 21:00:00,75.0,97.52798298634431,166.66666666666666,63.333333333333336,56.666666666666664,166.77919605867203,75.40258332961092,85.4564626351112,58.13873760564845,63.333333333333336
2016-05-14 22:00:00,61.666666666666664,97.52798298634431,166.66666666666666,55.0,58.333333333333336,166.81670585600716,61.238973722891004,66.0606623132215,45.85179182178436,55.0
2016-05-14 23:00:00,48.333333333333336,97.52798298634431,166.66666666666666,61.666666666666664,56.666666666666664,166.8542156533423,55.79921122376044,57.852791038720525,56.36411910895189,61.666666666666664
2016-05-15 00:00:00,53.333333333333336,97.52798298634431,166.66666666666666,58.333333333333336,58.333333333333336,166.8917254506774,53.38370538311191,55.07266691378846,51.124434618443594,58.333333333333336
2016-05-15 01:00:00,55.0,97.52798298634431,166.66666666666666,63.333333333333336,51.666666666666664,166.92923524801253,53.83424824589475,52.5625094380678,49.33020385157139,63.333333333333336
2016-05-15 02:00:00,51.666666666666664,97.52798298634431,166.66666666666666,60.0,55.0,166.96674504534766,52.860788543396374,54.60271711834085,53.171552121248574,60.0
2016-05-15 03:00:00,40.0,97.52798298634431,166.66666666666666,60.0,56.666666666666664,167.00425484268277,51.894353627191464,53.53890058546234,52.23057897669835,60.0
2016-05-15 04:00:00,51.666666666666664,97.52798298634431,166.66666666666666,60.0,50.0,167.0417646400179,52.03153587175245,53.07629984630979,49.35703504689215,60.0
2016-05-15 05:00:00,56.666666666666664,97.52798298634431,166.66666666666666,56.666666666666664,56.666666666666664,167.07927443735304,60.00605549283765,54.879211807813064,49.867784152442006,56.666666666666664
2016-05-15 06:00:00,51.666666666666664,97.52798298634431,166.66666666666666,63.333333333333336,50.0,167.11678423468817,69.5728618567695,58.397647032785194,55.1958145207188,63.333333333333336
2016-05-15 07:00:00,93.33333333333333,97.52798298634431,166.66666666666666,113.33333333333333,60.0,167.15429403202327,99.48531780066685,73.13203072166233,69.53527483022155,113.33333333333333
2016-05-15 08:00:00,118.33333333333333,97.52798298634431,166.66666666666666,133.33333333333334,183.33333333333334,167.1918038293584,116.12825315558814,127.61148296583032,100.59646708521134,133.33333333333334
2016-05-15 09:00:00,101.66666666666667,97.52798298634431,166.66666666666666,118.33333333333333,143.33333333333334,167.22931362669354,106.50931631625696,118.93298072691404,131.21778242949344,118.33333333333333
2016-05-15 10:00:00,108.33333333333333,97.52798298634431,166.66666666666666,158.33333333333334,135.0,167.26682342402864,117.10241440705454,133.15843302266094,120.22094512995326,158.33333333333334
2016-05-15 11:00:00,105.0,97.52798298634431,166.66666666666666,96.66666666666667,50.0,167.30433322136378,115.96939654912202,125.75818179811131,107.13801758680022,96.66666666666667
2016-05-15 12:00:00,96.66666666666667,97.52798298634431,166.66666666666666,116.66666666666667,56.666666666666664,167.3418430186989,111.35025334350873,37.56108505642544,86.35986691140458,116.66666666666667
2016-05-15 13:00:00,136.66666666666666,97.52798298634431,166.66666666666666,113.33333333333333,56.666666666666664,167.37935281603404,105.66639299018524,52.414352254186966,59.0000676495254,113.33333333333333
2016-05-15 14:00:00,88.33333333333333,97.52798298634431,166.66666666666666,106.66666666666667,56.666666666666664,167.41686261336915,101.81654678031495,41.289741522767194,63.03483233041794,106.66666666666667
2016-05-15 15:00:00,93.33333333333333,97.52798298634431,166.66666666666666,130.0,50.0,167.45437241070428,98.87159022369029,43.75981310506097,61.95477461453971,130.0
2016-05-15 16:00:00,143.33333333333334,97.52798298634431,166.66666666666666,111.66666666666667,55.0,167.4918822080394,124.33279343152218,90.3210816221249,95.91768130756465,111.66666666666667
2016-05-15 17:00:00,236.66666666666666,97.52798298634431,166.66666666666666,241.66666666666666,56.666666666666664,167.52939200537452,186.59349816960076,111.60175252402486,150.1071342907718,241.66666666666666
2016-05-15 18:00:00,98.33333333333333,97.52798298634431,166.66666666666666,166.66666666666666,50.0,167.56690180270965,175.9648604351088,300.5247549851193,288.78849974058244,166.66666666666666
2016-05-15 19:00:00,96.66666666666667,97.46169220519654,98.33333333333333,90.0,60.0,98.34777296456735,112.51520774075868,91.27875485521973,121.87203999738998,90.0
2016-05-15 20:00:00,246.66666666666666,97.46169220519654,98.33333333333333,86.66666666666667,78.33333333333333,98.3622125958014,87.63854922816229,105.21959084622381,128.53385451788728,86.66666666666667
2016-05-15 21:00:00,203.33333333333334,97.46169220519654,98.33333333333333,75.0,63.333333333333336,98.37665222703542,61.627397932319944,64.56707547743211,83.01536298740746,75.0
2016-05-15 22:00:00,86.66666666666667,97.46169220519654,98.33333333333333,61.666666666666664,58.333333333333336,98.39109185826946,50.22613577395778,56.8656552355798,60.85699313354005,61.666666666666664
2016-05-15 23:00:00,83.33333333333333,97.46169220519654,98.33333333333333,48.333333333333336,53.333333333333336,98.40553148950349,46.41297525361165,55.68089866955437,59.92019397699031,48.333333333333336
2016-05-16 00:00:00,61.666666666666664,97.46169220519654,98.33333333333333,53.333333333333336,55.0,98.41997112073753,46.80367371621754,50.75316396615488,53.26406852379963,53.333333333333336
2016-05-16 01:00:00,53.333333333333336,97.46169220519654,98.33333333333333,55.0,58.333333333333336,98.43441075197155,48.90494968924935,56.129855467301674,58.03315868096866,55.0
2016-05-16 02:00:00,56.666666666666664,97.46169220519654,98.33333333333333,51.666666666666664,55.0,98.4488503832056,49.21649070880812,52.77302793871133,54.25014595544949,51.666666666666664
2016-05-16 03:00:00,53.333333333333336,97.46169220519654,98.33333333333333,40.0,53.333333333333336,98.46329001443962,48.415074530724084,53.70048625321463,54.82107022290758,40.0
2016-05-16 04:00:00,55.0,97.46169220519654,98.33333333333333,51.666666666666664,56.666666666666664,98.47772964567366,50.41358355427597,50.93029136443886,56.692559262152976,51.666666666666664
2016-05-16 05:00:00,51.666666666666664,97.46169220519654,98.33333333333333,56.666666666666664,65.0,98.49216927690769,59.3129379718384,55.36668894672679,57.5063236143081,56.666666666666664
2016-05-16 06:00:00,53.333333333333336,97.46169220519654,98.33333333333333,51.666666666666664,55.0,98.50660890814173,68.3304644254455,54.58039410834985,75.85704398576462,51.666666666666664
2016-05-16 07:00:00,61.666666666666664,97.46169220519654,98.33333333333333,93.33333333333333,56.666666666666664,98.52104853937576,98.83596580810215,61.43289347506595,89.35743931665202,93.33333333333333
2016-05-16 08:00:00,88.33333333333333,97.46169220519654,98.33333333333333,118.33333333333333,61.666666666666664,98.5354881706098,116.39123137096122,74.2942460530137,149.20717688724724,118.33333333333333
2016-05-16 09:00:00,70.0,97.46169220519654,98.33333333333333,101.66666666666667,66.66666666666667,98.54992780184382,106.67552680874226,96.1039024510686,162.8670430825039,101.66666666666667
2016-05-16 10:00:00,148.33333333333334,97.46169220519654,98.33333333333333,108.33333333333333,55.0,98.56436743307786,115.92041284978065,95.29479643605184,148.18281683441782,108.33333333333333
2016-05-16 11:00:00,103.33333333333333,97.46169220519654,98.33333333333333,105.0,61.666666666666664,98.57880706431189,117.296208738675,82.91493048233654,128.0210846595992,105.0
2016-05-16 12:00:00,206.66666666666666,97.46169220519654,98.33333333333333,96.66666666666667,135.0,98.59324669554593,111.4595494534404,81.30345214396749,125.80798776565307,96.66666666666667
2016-05-16 13:00:00,266.6666666666667,97.46169220519654,98.33333333333333,136.66666666666666,173.33333333333334,98.60768632677996,109.62398963651516,123.33144216592918,126.64904748393761,136.66666666666666
2016-05-16 14:00:00,88.33333333333333,97.46169220519654,98.33333333333333,88.33333333333333,88.33333333333333,98.622125958014,102.20909540841613,90.26657880131131,95.58110084297253,88.33333333333333
2016-05-16 15:00:00,111.66666666666667,97.46169220519654,98.33333333333333,93.33333333333333,70.0,98.63656558924802,98.88443678027149,76.15058365548097,100.59468648263191,93.33333333333333
2016-05-16 16:00:00,88.33333333333333,97.46169220519654,98.33333333333333,143.33333333333334,78.33333333333333,98.65100522048206,128.27879970732138,79.66459233465453,129.1439788616216,143.33333333333334
2016-05-16 17:00:00,243.33333333333334,97.46169220519654,98.33333333333333,236.66666666666666,268.3333333333333,98.66544485171609,190.3483457831191,140.57831059505082,105.22644825764363,236.66666666666666
2016-05-16 18:00:00,155.0,97.46169220519654,98.33333333333333,98.33333333333333,120.0,98.67988448295013,171.65050271792103,157.0663959780002,177.5396278083958,98.33333333333333
2016-05-16 19:00:00,115.0,97.59198061246973,155.0,96.66666666666667,110.0,155.03305785123968,127.29228470589014,109.21836018790397,128.81224346171965,96.66666666666667
2016-05-16 20:00:00,96.66666666666667,97.59198061246973,155.0,246.66666666666666,95.0,155.06611570247935,119.39815304083982,90.86892166635721,152.27577811963985,246.66666666666666
2016-05-16 21:00:00,68.33333333333333,97.59198061246973,155.0,203.33333333333334,71.66666666666667,155.099173553719,85.07415127026721,88.60514371778801,89.25400758402841,203.33333333333334
2016-05-16 22:00:00,46.666666666666664,97.59198061246973,155.0,86.66666666666667,71.66666666666667,155.13223140495867,61.85510837594485,74.45054925123249,84.51749995156882,86.66666666666667
2016-05-16 23:00:00,60.0,97.59198061246973,155.0,83.33333333333333,60.0,155.16528925619835,55.61555683624797,57.16738124330755,85.56617666943882,83.33333333333333
2016-05-17 00:00:00,50.0,97.59198061246973,155.0,61.666666666666664,51.666666666666664,155.19834710743802,51.76745505216544,54.406290063403446,52.82607566834226,61.666666666666664
2016-05-17 01:00:00,55.0,97.59198061246973,155.0,53.333333333333336,55.0,155.23140495867767,51.2415523195822,52.73237772238068,50.28504275797239,53.333333333333336
2016-05-17 02:00:00,51.666666666666664,97.59198061246973,155.0,56.666666666666664,56.666666666666664,155.26446280991735,50.561504783783406,53.32048919938402,51.310058387751205,56.666666666666664
2016-05-17 03:00:00,53.333333333333336,97.59198061246973,155.0,53.333333333333336,56.666666666666664,155.29752066115702,48.89015322506664,54.917613548348584,53.04044552657945,53.333333333333336
2016-05-17 04:00:00,53.333333333333336,97.59198061246973,155.0,55.0,50.0,155.3305785123967,49.57895204430427,53.89321529901944,52.162232097852126,55.0
2016-05-17 05:00:00,58.333333333333336,97.59198061246973,155.0,51.666666666666664,71.66666666666667,155.36363636363637,56.91903820684199,63.78630953799452,58.45161519790508,51.666666666666664
2016-05-17 06:00:00,56.666666666666664,97.59198061246973,155.0,53.333333333333336,63.333333333333336,155.39669421487602,65.36221971294698,51.09525319070533,65.85641698805786,53.333333333333336
2016-05-17 07:00:00,65.0,97.59198061246973,155.0,61.666666666666664,60.0,155.4297520661157,93.11141554834978,70.15899511297897,83.54647693237894,61.666666666666664
2016-05-17 08:00:00,56.666666666666664,97.59198061246973,155.0,88.33333333333333,56.666666666666664,155.46280991735537,110.80086908536236,67.65941520775989,112.03180555307594,88.33333333333333
2016-05-17 09:00:00,51.666666666666664,97.59198061246973,155.0,70.0,55.0,155.49586776859505,100.40358482949583,66.93147324872587,97.70975019208454,70.0
2016-05-17 10:00:00,53.333333333333336,97.59198061246973,155.0,148.33333333333334,53.333333333333336,155.52892561983472,115.3997578846411,85.91590107576494,95.96094930520371,148.33333333333334
2016-05-17 11:00:00,51.666666666666664,97.59198061246973,155.0,103.33333333333333,56.666666666666664,155.56198347107437,112.9279121993174,89.6330118312242,67.52128308657645,103.33333333333333
2016-05-17 12:00:00,53.333333333333336,97.59198061246973,155.0,206.66666666666666,58.333333333333336,155.59504132231405,116.30914288912231,100.73114339228434,84.32592691038832,206.66666666666666
2016-05-17 13:00:00,41.666666666666664,97.59198061246973,155.0,266.6666666666667,53.333333333333336,155.62809917355372,117.87800800124975,91.92930544368816,87.3485939054772,266.6666666666667
2016-05-17 14:00:00,53.333333333333336,97.59198061246973,155.0,88.33333333333333,53.333333333333336,155.6611570247934,97.72279359806443,88.14126555947757,87.3524317952755,88.33333333333333
2016-05-17 15:00:00,51.666666666666664,97.59198061246973,155.0,111.66666666666667,56.666666666666664,155.69421487603304,96.28231723491776,79.11861192110602,79.47088870712273,111.66666666666667
2016-05-17 16:00:00,66.66666666666667,97.59198061246973,155.0,88.33333333333333,63.333333333333336,155.72727272727272,120.36840454989695,85.0442147475045,85.8446803448923,88.33333333333333
2016-05-17 17:00:00,153.33333333333334,97.59198061246973,155.0,243.33333333333334,126.66666666666667,155.7603305785124,188.98108834073673,164.70417645697873,155.86503015206813,243.33333333333334
2016-05-17 18:00:00,100.0,97.59198061246973,155.0,155.0,101.66666666666667,155.79338842975207,169.43443594810918,173.22418771695365,180.37480534816874,155.0
2016-05-17 19:00:00,123.33333333333333,97.33661202185793,100.0,115.0,105.0,100.0147589373565,85.95368627995715,92.12008606854458,115.1051284551349,115.0
2016-05-17 20:00:00,118.33333333333333,97.33661202185793,100.0,96.66666666666667,95.0,100.02951787471302,80.04755201497272,80.54185213722572,91.81038487156572,96.66666666666667
2016-05-17 21:00:00,65.0,97.33661202185793,100.0,68.33333333333333,68.33333333333333,100.04427681206953,54.91720946467959,52.76741765979266,72.7846024932969,68.33333333333333
2016-05-17 22:00:00,46.666666666666664,97.33661202185793,100.0,46.666666666666664,58.333333333333336,100.05903574942604,42.227345343785196,55.01733789611747,65.77687452654519,46.666666666666664
2016-05-17 23:00:00,55.0,97.33661202185793,100.0,60.0,56.666666666666664,100.07379468678255,42.74637786087033,53.46296998623139,65.12132801977174,60.0
2016-05-18 00:00:00,51.666666666666664,97.33661202185793,100.0,50.0,51.666666666666664,100.08855362413907,43.292884009094706,48.10990831190718,52.137111665404014,50.0
2016-05-18 01:00:00,53.333333333333336,97.33661202185793,100.0,55.0,56.666666666666664,100.10331256149557,46.88525450107366,47.4529855135926,48.17633943570648,55.0
2016-05-18 02:00:00,55.0,97.33661202185793,100.0,51.666666666666664,56.666666666666664,100.11807149885209,48.45964821073946,51.212949367499995,49.33874108063317,51.666666666666664
2016-05-18 03:00:00,51.666666666666664,97.33661202185793,100.0,53.333333333333336,53.333333333333336,100.1328304362086,49.239282649984055,49.96827581826626,49.69032735220287,53.333333333333336
2016-05-18 04:00:00,51.666666666666664,97.33661202185793,100.0,53.333333333333336,51.666666666666664,100.1475893735651,51.49016037195541,54.53815890604294,54.99504879465658,53.333333333333336
2016-05-18 05:00:00,65.0,97.33661202185793,100.0,58.333333333333336,68.33333333333333,100.16234831092162,60.3874690752458,64.03951643945472,60.822932247462305,58.333333333333336
2016-05-18 06:00:00,70.0,97.33661202185793,100.0,56.666666666666664,110.0,100.17710724827812,69.28639653398669,69.58289594753894,83.40745864132745,56.666666666666664
2016-05-18 07:00:00,53.333333333333336,97.33661202185793,100.0,65.0,76.66666666666667,100.19186618563464,97.0074077642251,73.08389297216485,101.94613300549088,65.0
2016-05-18 08:00:00,61.666666666666664,97.33661202185793,100.0,56.666666666666664,161.66666666666666,100.20662512299114,112.74193775546891,87.07432063537198,138.36250281501688,56.666666666666664
2016-05-18 09:00:00,65.0,97.33661202185793,100.0,51.666666666666664,65.0,100.22138406034766,103.60017501315913,70.72347023834536,83.14897505140037,51.666666666666664
2016-05-18 10:00:00,58.333333333333336,97.33661202185793,100.0,53.333333333333336,63.333333333333336,100.23614299770416,115.17557795962034,45.95698178219704,79.38355816458608,53.333333333333336
2016-05-18 11:00:00,70.0,97.33661202185793,100.0,51.666666666666664,55.0,100.25090193506068,114.80664546204517,58.069689628354304,99.62194261646746,51.666666666666664
2016-05-18 12:00:00,56.666666666666664,97.33661202185793,100.0,53.333333333333336,56.666666666666664,100.26566087241719,114.04672855212692,58.91969083579615,83.62312363810096,53.333333333333336
2016-05-18 13:00:00,86.66666666666667,97.33661202185793,100.0,41.666666666666664,73.33333333333333,100.28041980977369,112.17845599141047,53.83644000371426,102.07567511827857,41.666666666666664
2016-05-18 14:00:00,81.66666666666667,97.33661202185793,100.0,53.333333333333336,80.0,100.29517874713021,101.393359875291,67.6757299656206,110.13597094855939,53.333333333333336
2016-05-18 15:00:00,83.33333333333333,97.33661202185793,100.0,51.666666666666664,76.66666666666667,100.30993768448671,98.93377936306078,72.79520149842455,114.8301401905006,51.666666666666664
2016-05-18 16:00:00,105.0,97.33661202185793,100.0,66.66666666666667,75.0,100.32469662184323,124.24122252720204,49.71994814924308,96.39378555573161,66.66666666666667
2016-05-18 17:00:00,118.33333333333333,97.33661202185793,100.0,153.33333333333334,91.66666666666667,100.33945555919973,190.74640877995517,163.3067306407523,175.2820234253282,153.33333333333334
2016-05-18 18:00:00,178.33333333333334,97.33661202185793,100.0,100.0,101.66666666666667,100.35421449655625,171.18824534689622,171.70224138336388,148.75623169081047,100.0
2016-05-18 19:00:00,143.33333333333334,97.17035350249402,178.33333333333334,123.33333333333333,95.0,178.37346783816034,109.06755291291803,115.49577111289496,153.8500307110031,123.33333333333333
2016-05-18 20:00:00,223.33333333333334,97.17035350249402,178.33333333333334,118.33333333333333,85.0,178.41360234298733,110.00367308977142,92.05714848857225,134.35493940904118,118.33333333333333
2016-05-18 21:00:00,81.66666666666667,97.17035350249402,178.33333333333334,65.0,61.666666666666664,178.4537368478143,75.39100437669487,63.75973756533261,71.99873449540387,65.0
2016-05-18 22:00:00,51.666666666666664,97.17035350249402,178.33333333333334,46.666666666666664,55.0,178.4938713526413,59.54803733529127,62.977959899255744,61.331802536214866,46.666666666666664
2016-05-18 23:00:00,56.666666666666664,97.17035350249402,178.33333333333334,55.0,56.666666666666664,178.5340058574683,57.098808398441534,57.28307770953629,58.18118260082587,55.0
2016-05-19 00:00:00,51.666666666666664,97.17035350249402,178.33333333333334,51.666666666666664,56.666666666666664,178.57414036229528,55.40794110281512,51.74120569233177,57.96220458760203,51.666666666666664
2016-05-19 01:00:00,51.666666666666664,97.17035350249402,178.33333333333334,53.333333333333336,56.666666666666664,178.61427486712225,56.849021113038944,52.92084971169296,52.58896828635028,53.333333333333336
2016-05-19 02:00:00,50.0,97.17035350249402,178.33333333333334,55.0,56.666666666666664,178.65440937194924,57.08480739778144,52.65254699183921,55.94886266052968,55.0
2016-05-19 03:00:00,51.666666666666664,97.17035350249402,178.33333333333334,51.666666666666664,50.0,178.69454387677624,56.22457778010843,52.32806876493677,57.612722394415904,51.666666666666664
2016-05-19 04:00:00,56.666666666666664,97.17035350249402,178.33333333333334,51.666666666666664,56.666666666666664,178.73467838160323,57.363818293618955,50.857868370812064,53.13122715442676,51.666666666666664
2016-05-19 05:00:00,55.0,97.17035350249402,178.33333333333334,65.0,61.666666666666664,178.7748128864302,65.97500821948906,65.17476435706253,59.37519690078818,65.0
2016-05-19 06:00:00,58.333333333333336,97.17035350249402,178.33333333333334,70.0,48.333333333333336,178.8149473912572,74.31892223812925,48.61463447972394,57.02784748746829,70.0
2016-05-19 07:00:00,50.0,97.17035350249402,178.33333333333334,53.333333333333336,58.333333333333336,178.8550818960842,98.56406409363964,64.71718590073614,94.04167742825273,53.333333333333336
2016-05-19 08:00:00,53.333333333333336,97.17035350249402,178.33333333333334,61.666666666666664,51.666666666666664,178.89521640091118,114.23834971101638,55.58863333835832,121.38642156952446,61.666666666666664
2016-05-19 09:00:00,36.666666666666664,97.17035350249402,178.33333333333334,65.0,48.333333333333336,178.93535090573815,105.61443376078881,60.15651911296011,118.12817922213064,65.0
2016-05-19 10:00:00,55.0,97.17035350249402,178.33333333333334,58.333333333333336,58.333333333333336,178.97548541056514,115.76982553638442,60.99045014131624,98.40126939313801,58.333333333333336
2016-05-19 11:00:00,51.666666666666664,97.17035350249402,178.33333333333334,70.0,50.0,179.01561991539214,116.22705858274193,77.07622344760709,90.8762416580572,70.0
2016-05-19 12:00:00,55.0,97.17035350249402,178.33333333333334,56.666666666666664,55.0,179.05575442021913,114.1046358672578,56.67822586410295,73.22604074516586,56.666666666666664
2016-05-19 13:00:00,50.0,97.17035350249402,178.33333333333334,86.66666666666667,56.666666666666664,179.0958889250461,115.16719643901142,79.75427437965224,91.18385183691811,86.66666666666667
2016-05-19 14:00:00,63.333333333333336,97.17035350249402,178.33333333333334,81.66666666666667,56.666666666666664,179.1360234298731,103.79260853985728,68.15640331601708,81.30909761564304,81.66666666666667
2016-05-19 15:00:00,81.66666666666667,97.17035350249402,178.33333333333334,83.33333333333333,68.33333333333333,179.1761579347001,101.53138636324636,77.67071145137712,102.88606432915824,83.33333333333333
2016-05-19 16:00:00,90.0,97.17035350249402,178.33333333333334,105.0,118.33333333333333,179.21629243952708,126.86422516238322,133.13406842013507,120.64453844512435,105.0
2016-05-19 17:00:00,208.33333333333334,97.17035350249402,178.33333333333334,118.33333333333333,208.33333333333334,179.25642694435405,187.9583972361512,229.15012750757086,205.25914887859366,118.33333333333333
2016-05-19 18:00:00,120.0,97.17035350249402,178.33333333333334,178.33333333333334,105.0,179.29656144918104,176.4497665412805,214.4079600753339,209.00298307398643,178.33333333333334
2016-05-19 19:00:00,98.33333333333333,97.0136647299333,120.0,143.33333333333334,123.33333333333333,120.02098805295448,116.15893932842813,164.8348934865142,157.71459384671857,143.33333333333334
2016-05-19 20:00:00,118.33333333333333,97.0136647299333,120.0,223.33333333333334,100.0,120.04197610590894,111.56474569684484,139.78114979066856,133.765938877587,223.33333333333334
2016-05-19 21:00:00,66.66666666666667,97.0136647299333,120.0,81.66666666666667,71.66666666666667,120.06296415886342,73.60571244652846,109.20049395687018,111.97411885351461,81.66666666666667
2016-05-19 22:00:00,50.0,97.0136647299333,120.0,51.666666666666664,60.0,120.08395221181789,57.22239310175267,61.821170835472174,66.93329900509393,51.666666666666664
2016-05-19 23:00:00,56.666666666666664,97.0136647299333,120.0,56.666666666666664,56.666666666666664,120.10494026477237,56.14850467867878,70.16355640690678,60.37103797852031,56.666666666666664
2016-05-20 00:00:00,51.666666666666664,97.0136647299333,120.0,51.666666666666664,55.0,120.12592831772683,55.026966928824756,54.181125345696834,51.255424479445075,51.666666666666664
2016-05-20 01:00:00,51.666666666666664,97.0136647299333,120.0,51.666666666666664,53.333333333333336,120.14691637068131,56.99357980162788,54.8550955867059,53.92151661524814,51.666666666666664
2016-05-20 02:00:00,36.666666666666664,97.0136647299333,120.0,50.0,58.333333333333336,120.16790442363578,57.5183437059048,51.1486427225138,50.376652843345354,50.0
2016-05-20 03:00:00,58.333333333333336,97.0136647299333,120.0,51.666666666666664,58.333333333333336,120.18889247659025,57.376469807404845,49.580250964456454,52.1049605307635,51.666666666666664
2016-05-20 04:00:00,51.666666666666664,97.0136647299333,120.0,56.666666666666664,50.0,120.20988052954472,59.20208608425076,51.996136472488324,56.16020784216759,56.666666666666664
2016-05-20 05:00:00,61.666666666666664,97.0136647299333,120.0,55.0,58.333333333333336,120.2308685824992,66.99157126295697,62.06696950136936,66.36507187606003,55.0
2016-05-20 06:00:00,66.66666666666667,97.0136647299333,120.0,58.333333333333336,146.66666666666666,120.25185663545366,75.23838328676717,71.97759543179602,85.55050571945793,58.333333333333336
2016-05-20 07:00:00,80.0,97.0136647299333,120.0,50.0,176.66666666666666,120.27284468840814,98.58643586252725,118.71793694908116,126.38568045153482,50.0
2016-05-20 08:00:00,126.66666666666667,97.0136647299333,120.0,53.333333333333336,338.3333333333333,120.2938327413626,113.63048560074857,143.62534123722264,215.2028730353698,53.333333333333336
2016-05-20 09:00:00,73.33333333333333,97.0136647299333,120.0,36.666666666666664,93.33333333333333,120.31482079431709,103.90287188052471,215.70353556008516,188.49934937308151,36.666666666666664
2016-05-20 10:00:00,81.66666666666667,97.0136647299333,120.0,55.0,73.33333333333333,120.33580884727155,115.50231132031493,191.60553395025053,186.55373372844244,55.0
2016-05-20 11:00:00,73.33333333333333,97.0136647299333,120.0,51.666666666666664,355.0,120.35679690022603,115.20373257313543,306.6877969401781,278.3452488084059,51.666666666666664
2016-05-20 12:00:00,71.66666666666667,97.0136647299333,120.0,55.0,301.6666666666667,120.3777849531805,114.02771384490487,280.3269460158575,227.30819387348464,55.0
2016-05-20 13:00:00,61.666666666666664,97.0136647299333,120.0,50.0,268.3333333333333,120.39877300613497,113.3750766867581,261.9228951298092,197.74612342902742,50.0
2016-05-20 14:00:00,60.0,97.0136647299333,120.0,63.333333333333336,318.3333333333333,120.41976105908944,103.81421686469642,232.9678526519615,196.44435480293387,63.333333333333336
2016-05-20 15:00:00,46.666666666666664,97.0136647299333,120.0,81.66666666666667,201.66666666666666,120.44074911204392,103.11470371015818,173.80148928827597,152.4197771567603,81.66666666666667
2016-05-20 16:00:00,48.333333333333336,97.0136647299333,120.0,90.0,351.6666666666667,120.46173716499838,127.15036674960001,163.69186041710685,180.6278757826389,90.0
2016-05-20 17:00:00,75.0,97.0136647299333,120.0,208.33333333333334,231.66666666666666,120.48272521795286,195.04716439264683,183.8403445859106,193.2545514129933,208.33333333333334
2016-05-20 18:00:00,78.33333333333333,97.0136647299333,120.0,120.0,348.3333333333333,120.50371327090733,174.04521587652988,179.97243203962722,237.9666404708371,120.0
2016-05-20 19:00:00,65.0,96.79478966474481,78.33333333333333,98.33333333333333,208.33333333333334,78.34080956958239,63.736155007082104,127.07690671882953,182.80725456837655,98.33333333333333
2016-05-20 20:00:00,70.0,96.79478966474481,78.33333333333333,118.33333333333333,120.0,78.34828580583147,73.23357981059954,121.25633317101038,147.50369430159756,118.33333333333333
2016-05-20 21:00:00,65.0,96.79478966474481,78.33333333333333,66.66666666666667,63.333333333333336,78.35576204208053,45.491451517409956,84.68971531975001,86.06161202993958,66.66666666666667
2016-05-20 22:00:00,53.333333333333336,96.79478966474481,78.33333333333333,50.0,55.0,78.36323827832959,36.52918125192687,58.96725639488307,73.46593187478642,50.0
2016-05-20 23:00:00,45.0,96.79478966474481,78.33333333333333,56.666666666666664,61.666666666666664,78.37071451457865,41.08414667524326,52.69608112469976,64.64781883965577,56.666666666666664
2016-05-21 00:00:00,48.333333333333336,96.79478966474481,78.33333333333333,51.666666666666664,58.333333333333336,78.37819075082773,44.04733212194418,52.516487144436894,62.01537345242895,51.666666666666664
2016-05-21 01:00:00,51.666666666666664,96.79478966474481,78.33333333333333,51.666666666666664,63.333333333333336,78.38566698707679,49.31377558789941,52.80030146709335,59.194167558969056,51.666666666666664
2016-05-21 02:00:00,56.666666666666664,96.79478966474481,78.33333333333333,36.666666666666664,60.0,78.39314322332585,51.32537771271993,46.17207801649875,54.41428750770982,36.666666666666664
2016-05-21 03:00:00,48.333333333333336,96.79478966474481,78.33333333333333,58.333333333333336,60.0,78.40061945957491,55.10173597856185,46.35891027902567,60.28998109118391,58.333333333333336
2016-05-21 04:00:00,56.666666666666664,96.79478966474481,78.33333333333333,51.666666666666664,60.0,78.40809569582399,57.791818647298705,57.90243923689663,71.38980523780654,51.666666666666664
2016-05-21 05:00:00,51.666666666666664,96.79478966474481,78.33333333333333,61.666666666666664,56.666666666666664,78.41557193207305,67.52154404406231,47.135970765892125,73.97810483124346,61.666666666666664
2016-05-21 06:00:00,60.0,96.79478966474481,78.33333333333333,66.66666666666667,63.333333333333336,78.42304816832211,76.77329591340227,51.596894786064,92.36221109441229,66.66666666666667
2016-05-21 07:00:00,56.666666666666664,96.79478966474481,78.33333333333333,80.0,113.33333333333333,78.43052440457117,101.44541878447464,54.535395389231034,84.20442154763775,80.0
2016-05-21 08:00:00,208.33333333333334,96.79478966474481,78.33333333333333,126.66666666666667,133.33333333333334,78.43800064082025,120.30617947132592,112.58306599782524,144.7273543304193,126.66666666666667
2016-05-21 09:00:00,310.0,96.79478966474481,78.33333333333333,73.33333333333333,118.33333333333333,78.44547687706931,107.70360422628255,108.20632408264635,150.82884833125647,73.33333333333333
2016-05-21 10:00:00,383.3333333333333,96.79478966474481,78.33333333333333,81.66666666666667,158.33333333333334,78.45295311331837,119.14000639803682,118.39067491695594,139.36563112142386,81.66666666666667
2016-05-21 11:00:00,431.6666666666667,96.79478966474481,78.33333333333333,73.33333333333333,96.66666666666667,78.46042934956745,118.58950649764641,121.85143859704715,160.40900226911432,73.33333333333333
2016-05-21 12:00:00,228.33333333333334,96.79478966474481,78.33333333333333,71.66666666666667,116.66666666666667,78.46790558581651,117.4062204147842,90.90639242179863,167.6018783250368,71.66666666666667
2016-05-21 13:00:00,343.3333333333333,96.79478966474481,78.33333333333333,61.666666666666664,113.33333333333333,78.47538182206557,116.30860700175185,102.32284921517497,145.6153526211847,61.666666666666664
2016-05-21 14:00:00,303.3333333333333,96.79478966474481,78.33333333333333,60.0,106.66666666666667,78.48285805831463,106.56922717343397,103.39767088300073,144.16879833431489,60.0
2016-05-21 15:00:00,361.6666666666667,96.79478966474481,78.33333333333333,46.666666666666664,130.0,78.49033429456371,104.0823837529787,87.8765100353536,125.76472408168945,46.666666666666664
2016-05-21 16:00:00,100.0,96.79478966474481,78.33333333333333,48.333333333333336,111.66666666666667,78.49781053081277,126.93069460343227,82.73708002550507,170.08791920512462,48.333333333333336
2016-05-21 17:00:00,95.0,96.79478966474481,78.33333333333333,75.0,241.66666666666666,78.50528676706183,189.25983166167975,88.02754262297849,149.00775330507255,75.0
2016-05-21 18:00:00,125.0,96.79478966474481,78.33333333333333,78.33333333333333,166.66666666666666,78.5127630033109,173.1233462396987,133.2625637570842,162.60800819496376,78.33333333333333
2016-05-21 19:00:00,108.33333333333333,97.20650561559653,125.0,65.0,90.0,125.02225755166931,89.97875722746834,126.82559865858452,129.0386951044082,65.0
2016-05-21 20:00:00,95.0,97.20650561559653,125.0,70.0,86.66666666666667,125.04451510333864,91.75150475138788,110.48060371349047,124.42217873454133,70.0
2016-05-21 21:00:00,135.0,97.20650561559653,125.0,65.0,75.0,125.06677265500795,59.206611334467915,59.17719061838446,76.18398468791126,65.0
2016-05-21 22:00:00,73.33333333333333,97.20650561559653,125.0,53.333333333333336,61.666666666666664,125.08903020667726,44.68334074439775,54.94070869053728,68.07845829409769,53.333333333333336
2016-05-21 23:00:00,148.33333333333334,97.20650561559653,125.0,45.0,48.333333333333336,125.11128775834658,43.452544879024614,55.84784759298367,46.58334813404684,45.0
2016-05-22 00:00:00,60.0,97.20650561559653,125.0,48.333333333333336,53.333333333333336,125.1335453100159,43.14856467336501,52.42379749906849,48.980108036548145,48.333333333333336
2016-05-22 01:00:00,56.666666666666664,97.20650561559653,125.0,51.666666666666664,55.0,125.15580286168522,45.59622078262129,53.95067927039396,50.83611598005371,51.666666666666664
2016-05-22 02:00:00,51.666666666666664,97.20650561559653,125.0,56.666666666666664,51.666666666666664,125.17806041335453,46.309174944200535,55.2446911874214,57.65226307748761,56.666666666666664
2016-05-22 03:00:00,53.333333333333336,97.20650561559653,125.0,48.333333333333336,40.0,125.20031796502384,46.54613296549741,67.62802090945978,54.85224808766478,48.333333333333336
2016-05-22 04:00:00,55.0,97.20650561559653,125.0,56.666666666666664,51.666666666666664,125.22257551669317,48.72816520613388,56.85906184215935,49.982226674051304,56.666666666666664
2016-05-22 05:00:00,50.0,97.20650561559653,125.0,51.666666666666664,56.666666666666664,125.24483306836248,56.146203855098996,59.883252294258796,60.66321434441894,51.666666666666664
2016-05-22 06:00:00,58.333333333333336,97.20650561559653,125.0,60.0,51.666666666666664,125.2670906200318,64.69436274496952,64.9453989828512,67.2321849317909,60.0
2016-05-22 07:00:00,63.333333333333336,97.20650561559653,125.0,56.666666666666664,93.33333333333333,125.2893481717011,86.87854291155529,68.32907051454912,79.23240124866396,56.666666666666664
2016-05-22 08:00:00,190.0,97.20650561559653,125.0,208.33333333333334,118.33333333333333,125.31160572337043,115.34028804388305,150.96925967148857,135.47853022664324,208.33333333333334
2016-05-22 09:00:00,113.33333333333333,97.20650561559653,125.0,310.0,101.66666666666667,125.33386327503975,113.77107571159593,170.3126833945255,156.5184023882772,310.0
2016-05-22 10:00:00,201.66666666666666,97.20650561559653,125.0,383.3333333333333,108.33333333333333,125.35612082670906,130.35525237039352,154.11411294522193,135.05971674366393,383.3333333333333
2016-05-22 11:00:00,343.3333333333333,97.20650561559653,125.0,431.6666666666667,105.0,125.37837837837837,134.1338579267412,171.24158361543002,157.65794219157613,431.6666666666667
2016-05-22 12:00:00,126.66666666666667,97.20650561559653,125.0,228.33333333333334,96.66666666666667,125.4006359300477,115.86956689903505,231.49354520469834,220.64565504937573,228.33333333333334
2016-05-22 13:00:00,103.33333333333333,97.20650561559653,125.0,343.3333333333333,136.66666666666666,125.42289348171701,124.93512643947338,113.47716239934464,129.633449024201,343.3333333333333
2016-05-22 14:00:00,106.66666666666667,97.20650561559653,125.0,303.3333333333333,88.33333333333333,125.44515103338632,112.3476162512386,89.1492373978821,122.71681963509832,303.3333333333333
2016-05-22 15:00:00,96.66666666666667,97.20650561559653,125.0,361.6666666666667,93.33333333333333,125.46740858505565,115.51768564565401,103.47897477581233,117.97471325254237,361.6666666666667
2016-05-22 16:00:00,88.33333333333333,97.20650561559653,125.0,100.0,143.33333333333334,125.48966613672496,115.35651904133954,158.9987720610641,150.91808438942027,100.0
2016-05-22 17:00:00,265.0,97.20650561559653,125.0,95.0,236.66666666666666,125.51192368839428,173.6180877781465,157.60657217901465,162.33051311873206,95.0
2016-05-22 18:00:00,120.0,97.20650561559653,125.0,125.0,98.33333333333333,125.53418124006359,160.69390507891868,195.3347408641042,200.57125658920023,125.0
2016-05-22 19:00:00,96.66666666666667,97.34227129337539,120.0,108.33333333333333,96.66666666666667,120.020511202272,125.8608898923283,101.79685214633754,134.10368177129806,108.33333333333333
2016-05-22 20:00:00,116.66666666666667,97.34227129337539,120.0,95.0,246.66666666666666,120.04102240454402,109.61718488758423,94.28072175167975,146.37339312547252,95.0
2016-05-22 21:00:00,88.33333333333333,97.34227129337539,120.0,135.0,203.33333333333334,120.06153360681603,79.79785024141336,87.7242479062365,130.36076489427683,135.0
2016-05-22 22:00:00,78.33333333333333,97.34227129337539,120.0,73.33333333333333,86.66666666666667,120.08204480908805,56.87718901345468,75.60291474926007,90.36324290155541,73.33333333333333
2016-05-22 23:00:00,60.0,97.34227129337539,120.0,148.33333333333334,83.33333333333333,120.10255601136005,59.497840466973884,88.84280701490647,109.13559359314867,148.33333333333334
2016-05-23 00:00:00,58.333333333333336,97.34227129337539,120.0,60.0,61.666666666666664,120.12306721363205,49.192400633459016,58.71432616838943,79.67734696687533,60.0
2016-05-23 01:00:00,51.666666666666664,97.34227129337539,120.0,56.666666666666664,53.333333333333336,120.14357841590407,49.209614173464686,60.49186092639664,74.54389120511331,56.666666666666664
2016-05-23 02:00:00,58.333333333333336,97.34227129337539,120.0,51.666666666666664,56.666666666666664,120.16408961817608,47.73748731798139,49.556082215798696,71.4401895597438,51.666666666666664
2016-05-23 03:00:00,51.666666666666664,97.34227129337539,120.0,53.333333333333336,53.333333333333336,120.1846008204481,47.24431854987113,48.53541335666579,67.64893635703989,53.333333333333336
2016-05-23 04:00:00,50.0,97.34227129337539,120.0,55.0,55.0,120.2051120227201,48.168159653449855,48.11972011522298,68.2513830127724,55.0
2016-05-23 05:00:00,66.66666666666667,97.34227129337539,120.0,50.0,51.666666666666664,120.2256232249921,54.3029074551078,56.93777442686797,74.96814424624816,50.0
2016-05-23 06:00:00,60.0,97.34227129337539,120.0,58.333333333333336,53.333333333333336,120.24613442726412,62.24932649364639,60.55798670211383,86.50506321379441,58.333333333333336
2016-05-23 07:00:00,56.666666666666664,97.34227129337539,120.0,63.333333333333336,61.666666666666664,120.26664562953613,83.5889567712563,73.73628609451049,98.10504924164606,63.333333333333336
2016-05-23 08:00:00,51.666666666666664,97.34227129337539,120.0,190.0,88.33333333333333,120.28715683180815,114.82509473917898,106.44513795927489,183.38261964949913,190.0
2016-05-23 09:00:00,55.0,97.34227129337539,120.0,113.33333333333333,70.0,120.30766803408015,102.33355752111663,87.5314629370439,174.2531432619415,113.33333333333333
2016-05-23 10:00:00,51.666666666666664,97.34227129337539,120.0,201.66666666666666,148.33333333333334,120.32817923635216,122.39059033839294,147.39068432477686,177.92068212774652,201.66666666666666
2016-05-23 11:00:00,56.666666666666664,97.34227129337539,120.0,343.3333333333333,103.33333333333333,120.34869043862417,135.78371003765625,87.7230280354142,151.86577659660503,343.3333333333333
2016-05-23 12:00:00,61.666666666666664,97.34227129337539,120.0,126.66666666666667,206.66666666666666,120.36920164089618,108.41515954052848,111.04148230265488,155.0700619041813,126.66666666666667
2016-05-23 13:00:00,56.666666666666664,97.34227129337539,120.0,103.33333333333333,266.6666666666667,120.3897128431682,110.2457754607481,146.80250410255536,123.57522247307433,103.33333333333333
2016-05-23 14:00:00,58.333333333333336,97.34227129337539,120.0,106.66666666666667,88.33333333333333,120.4102240454402,100.1004860483676,92.01876125543735,96.1905328955931,106.66666666666667
2016-05-23 15:00:00,73.33333333333333,97.34227129337539,120.0,96.66666666666667,111.66666666666667,120.4307352477122,99.8293035363324,105.50949936419447,112.7704621208314,96.66666666666667
2016-05-23 16:00:00,156.66666666666666,97.34227129337539,120.0,88.33333333333333,88.33333333333333,120.45124644998423,109.90403783428533,94.97523156474668,112.46270808684135,88.33333333333333
2016-05-23 17:00:00,380.0,97.34227129337539,120.0,265.0,243.33333333333334,120.47175765225623,180.80284307428377,213.02180956823346,189.76149660564008,265.0
2016-05-23 18:00:00,123.33333333333333,97.34227129337539,120.0,120.0,155.0,120.49226885452825,154.96328555810828,177.5325485377227,181.24194333964533,120.0
2016-05-23 19:00:00,120.0,97.24274681694845,123.33333333333333,96.66666666666667,115.0,123.35473431464662,158.76279935185576,121.61915724789495,133.6858865057262,96.66666666666667
2016-05-23 20:00:00,105.0,97.24274681694845,123.33333333333333,116.66666666666667,96.66666666666667,123.37613529595991,131.89766443603753,123.12873610425915,171.39393236934984,116.66666666666667
2016-05-23 21:00:00,68.33333333333333,97.24274681694845,123.33333333333333,88.33333333333333,68.33333333333333,123.3975362772732,97.11053647931797,94.07241636221396,107.58110749978972,88.33333333333333
2016-05-23 22:00:00,63.333333333333336,97.24274681694845,123.33333333333333,78.33333333333333,46.666666666666664,123.41893725858648,73.16422811696101,66.76072136621812,85.11668774228471,78.33333333333333
2016-05-23 23:00:00,58.333333333333336,97.24274681694845,123.33333333333333,60.0,60.0,123.44033823989977,68.43001509823284,61.00631995791336,78.28232295101132,60.0
2016-05-24 00:00:00,50.0,97.24274681694845,123.33333333333333,58.333333333333336,50.0,123.46173922121307,59.94678919858808,50.446120280633025,66.29714630278615,58.333333333333336
2016-05-24 01:00:00,56.666666666666664,97.24274681694845,123.33333333333333,51.666666666666664,55.0,123.48314020252636,57.813646046715355,52.21079004734716,66.56471484889401,51.666666666666664
2016-05-24 02:00:00,55.0,97.24274681694845,123.33333333333333,58.333333333333336,51.666666666666664,123.50454118383965,55.775733173260534,53.42188238234227,75.82270865568816,58.333333333333336
2016-05-24 03:00:00,53.333333333333336,97.24274681694845,123.33333333333333,51.666666666666664,53.333333333333336,123.52594216515294,53.54162272940515,52.54291430061757,75.4448782585095,51.666666666666664
2016-05-24 04:00:00,53.333333333333336,97.24274681694845,123.33333333333333,50.0,53.333333333333336,123.54734314646622,53.3015274235982,54.90984219749083,75.79454335484509,50.0
2016-05-24 05:00:00,106.66666666666667,97.24274681694845,123.33333333333333,66.66666666666667,58.333333333333336,123.56874412777951,60.04944042262147,54.30378716425389,70.4110854090021,66.66666666666667
2016-05-24 06:00:00,71.66666666666667,97.24274681694845,123.33333333333333,60.0,56.666666666666664,123.5901451090928,66.14665247064926,57.00577766987432,92.58749044226819,60.0
2016-05-24 07:00:00,161.66666666666666,97.24274681694845,123.33333333333333,56.666666666666664,65.0,123.6115460904061,85.60057853336967,72.48510244989154,112.40739644403449,56.666666666666664
2016-05-24 08:00:00,56.666666666666664,97.24274681694845,123.33333333333333,51.666666666666664,56.666666666666664,123.63294707171939,109.39404930246215,89.74735124484262,149.6090919777382,51.666666666666664
2016-05-24 09:00:00,38.333333333333336,97.24274681694845,123.33333333333333,55.0,51.666666666666664,123.65434805303268,100.59575703258284,96.83953461612761,156.0049816189224,55.0
2016-05-24 10:00:00,66.66666666666667,97.24274681694845,123.33333333333333,51.666666666666664,53.333333333333336,123.67574903434596,115.56059208163641,61.92042429291718,143.7066801330182,51.666666666666664
2016-05-24 11:00:00,101.66666666666667,97.24274681694845,123.33333333333333,56.666666666666664,51.666666666666664,123.69715001565925,122.66560114973402,93.19987399886125,154.1865688333698,56.666666666666664
2016-05-24 12:00:00,128.33333333333334,97.24274681694845,123.33333333333333,61.666666666666664,53.333333333333336,123.71855099697254,105.76077870957369,78.61649378314013,141.52858607284472,61.666666666666664
2016-05-24 13:00:00,118.33333333333333,97.24274681694845,123.33333333333333,56.666666666666664,41.666666666666664,123.73995197828583,107.91852606605066,107.67793982659606,125.79414313861173,56.666666666666664
2016-05-24 14:00:00,150.0,97.24274681694845,123.33333333333333,58.333333333333336,53.333333333333336,123.76135295959912,98.08205379846659,100.37078802506277,93.89523899737563,58.333333333333336
2016-05-24 15:00:00,141.66666666666666,97.24274681694845,123.33333333333333,73.33333333333333,51.666666666666664,123.78275394091241,99.40169371763096,87.18972652074461,90.03260250175127,73.33333333333333
2016-05-24 16:00:00,141.66666666666666,97.24274681694845,123.33333333333333,156.66666666666666,66.66666666666667,123.80415492222569,116.33672533492728,157.7437280640487,98.15318047208406,156.66666666666666
2016-05-24 17:00:00,203.33333333333334,97.24274681694845,123.33333333333333,380.0,153.33333333333334,123.82555590353898,195.59519662458186,191.55093015341407,164.04672286930804,380.0
2016-05-24 18:00:00,136.66666666666666,97.24274681694845,123.33333333333333,123.33333333333333,100.0,123.84695688485228,155.20632777524077,183.5379147940702,201.4396509006725,123.33333333333333
2016-05-24 19:00:00,123.33333333333333,97.23430702299565,136.66666666666666,120.0,123.33333333333333,136.69205263703242,115.19125181474888,112.33401867966346,143.06711055163376,120.0
2016-05-24 20:00:00,96.66666666666667,97.23430702299565,136.66666666666666,105.0,118.33333333333333,136.71743860739818,108.24126290732984,124.71373889294779,151.0323121313868,105.0
2016-05-24 21:00:00,76.66666666666667,97.23430702299565,136.66666666666666,68.33333333333333,65.0,136.74282457776394,74.85807278366597,64.3831509461003,78.25965915300826,68.33333333333333
2016-05-24 22:00:00,61.666666666666664,97.23430702299565,136.66666666666666,63.333333333333336,46.666666666666664,136.76821054812973,56.78531615293196,68.52979004625413,86.75722325887354,63.333333333333336
2016-05-24 23:00:00,58.333333333333336,97.23430702299565,136.66666666666666,58.333333333333336,55.0,136.7935965184955,55.733718565950454,51.38184581363675,64.7659009141727,58.333333333333336
2016-05-25 00:00:00,53.333333333333336,97.23430702299565,136.66666666666666,50.0,51.666666666666664,136.81898248886125,49.671147912247235,53.060442019714785,62.250433931617685,50.0
2016-05-25 01:00:00,53.333333333333336,97.23430702299565,136.66666666666666,56.666666666666664,53.333333333333336,136.844368459227,50.59237852077565,52.13550845678319,50.62929818941021,56.666666666666664
2016-05-25 02:00:00,56.666666666666664,97.23430702299565,136.66666666666666,55.0,55.0,136.86975442959277,49.93421513397853,52.25248267465696,53.784552927824144,55.0
2016-05-25 03:00:00,48.333333333333336,97.23430702299565,136.66666666666666,53.333333333333336,51.666666666666664,136.89514039995854,49.304514645497854,56.152496764873725,52.74826565229658,53.333333333333336
2016-05-25 04:00:00,55.0,97.23430702299565,136.66666666666666,53.333333333333336,51.666666666666664,136.9205263703243,50.243686806215464,55.230159670891695,49.702896776150816,53.333333333333336
2016-05-25 05:00:00,55.0,97.23430702299565,136.66666666666666,106.66666666666667,65.0,136.94591234069009,61.38590580393114,60.058098458522636,68.5944951386327,106.66666666666667
2016-05-25 06:00:00,55.0,97.23430702299565,136.66666666666666,71.66666666666667,70.0,136.97129831105585,65.25469510199383,61.137124988196256,57.59406365725086,71.66666666666667
2016-05-25 07:00:00,65.0,97.23430702299565,136.66666666666666,161.66666666666666,53.333333333333336,136.9966842814216,92.17299850527085,95.50675627777446,82.11848085957664,161.66666666666666
2016-05-25 08:00:00,83.33333333333333,97.23430702299565,136.66666666666666,56.666666666666664,61.666666666666664,137.02207025178737,106.75655561862081,86.32442132317139,110.45624466766652,56.666666666666664
2016-05-25 09:00:00,90.0,97.23430702299565,136.66666666666666,38.333333333333336,65.0,137.04745622215313,97.00360518218963,89.42958653049948,161.29910282097921,38.333333333333336
2016-05-25 10:00:00,78.33333333333333,97.23430702299565,136.66666666666666,66.66666666666667,58.333333333333336,137.0728421925189,114.14381803502815,91.36015789392965,144.60472372422566,66.66666666666667
2016-05-25 11:00:00,50.0,97.23430702299565,136.66666666666666,101.66666666666667,70.0,137.09822816288465,123.91316452017114,83.17601706440693,127.67039650682464,101.66666666666667
2016-05-25 12:00:00,60.0,97.23430702299565,136.66666666666666,128.33333333333334,56.666666666666664,137.12361413325044,109.94348442863414,101.22601868859748,130.3404777069771,128.33333333333334
2016-05-25 13:00:00,71.66666666666667,97.23430702299565,136.66666666666666,118.33333333333333,86.66666666666667,137.1490001036162,111.51315722208153,100.49533346974559,102.13437001033813,118.33333333333333
2016-05-25 14:00:00,80.0,97.23430702299565,136.66666666666666,150.0,81.66666666666667,137.17438607398196,104.80334722981263,103.57940345067195,106.0630214738172,150.0
2016-05-25 15:00:00,80.0,97.23430702299565,136.66666666666666,141.66666666666666,83.33333333333333,137.19977204434772,104.81972899528571,125.84424734741731,102.13800501541944,141.66666666666666
2016-05-25 16:00:00,231.66666666666666,97.23430702299565,136.66666666666666,141.66666666666666,105.0,137.2251580147135,117.61376760778272,96.4212812353431,87.24470653998983,141.66666666666666
2016-05-25 17:00:00,118.33333333333333,97.23430702299565,136.66666666666666,203.33333333333334,118.33333333333333,137.25054398507925,189.41279411383147,142.25007657694164,139.4053734301913,203.33333333333334
2016-05-25 18:00:00,156.66666666666666,97.23430702299565,136.66666666666666,136.66666666666666,178.33333333333334,137.275929955445,155.8836343542788,173.03125436279248,168.94835014298104,136.66666666666666
2016-05-25 19:00:00,118.33333333333333,97.11854822126261,156.66666666666666,123.33333333333333,143.33333333333334,156.69803558572457,107.04258389171825,108.90451390197414,92.39273631888055,123.33333333333333
2016-05-25 20:00:00,190.0,97.11854822126261,156.66666666666666,96.66666666666667,223.33333333333334,156.72940450478245,106.79490574978232,93.61911827199171,86.25093995755564,96.66666666666667
2016-05-25 21:00:00,56.666666666666664,97.11854822126261,156.66666666666666,76.66666666666667,81.66666666666667,156.76077342384036,74.1853035892886,61.60883419056513,63.86887654084761,76.66666666666667
2016-05-25 22:00:00,53.333333333333336,97.11854822126261,156.66666666666666,61.666666666666664,51.666666666666664,156.79214234289827,56.99064986060254,54.803756506422076,57.98687431736812,61.666666666666664
2016-05-25 23:00:00,53.333333333333336,97.11854822126261,156.66666666666666,58.333333333333336,56.666666666666664,156.82351126195618,56.482062012052445,51.03036893772061,57.204609696050035,58.333333333333336
2016-05-26 00:00:00,53.333333333333336,97.11854822126261,156.66666666666666,53.333333333333336,51.666666666666664,156.85488018101407,51.132929821297125,49.236941289855196,49.70660176810274,53.333333333333336
2016-05-26 01:00:00,55.0,97.11854822126261,156.66666666666666,53.333333333333336,51.666666666666664,156.88624910007198,52.13293026874259,49.58236844730504,50.13975055126976,53.333333333333336
2016-05-26 02:00:00,50.0,97.11854822126261,156.66666666666666,56.666666666666664,50.0,156.9176180191299,52.16641259042217,50.43793450908334,49.86896039110031,56.666666666666664
2016-05-26 03:00:00,56.666666666666664,97.11854822126261,156.66666666666666,48.333333333333336,51.666666666666664,156.9489869381878,51.17090528933845,50.605787864308105,49.78455429174143,48.333333333333336
2016-05-26 04:00:00,50.0,97.11854822126261,156.66666666666666,55.0,56.666666666666664,156.98035585724568,52.816032293483104,52.218726194027816,50.33764381029967,55.0
2016-05-26 05:00:00,56.666666666666664,97.11854822126261,156.66666666666666,55.0,55.0,157.0117247763036,61.39259633627343,75.25381935376228,82.41658406924697,55.0
2016-05-26 06:00:00,61.666666666666664,97.11854822126261,156.66666666666666,55.0,58.333333333333336,157.0430936953615,66.66114130033175,75.53304463121397,95.36390640650004,55.0
2016-05-26 07:00:00,100.0,97.11854822126261,156.66666666666666,65.0,50.0,157.07446261441942,89.58731608057244,101.67917379224302,107.67210210568321,65.0
2016-05-26 08:00:00,156.66666666666666,97.11854822126261,156.66666666666666,83.33333333333333,53.333333333333336,157.1058315334773,109.53457577729895,85.1530340029947,125.82620436677249,83.33333333333333
2016-05-26 09:00:00,276.6666666666667,97.11854822126261,156.66666666666666,90.0,36.666666666666664,157.1372004525352,101.55469369413314,93.44380712879965,124.16675020971964,90.0
2016-05-26 10:00:00,265.0,97.11854822126261,156.66666666666666,78.33333333333333,55.0,157.16856937159312,115.81224606153349,92.52343998952142,99.64972776270743,78.33333333333333
2016-05-26 11:00:00,243.33333333333334,97.11854822126261,156.66666666666666,50.0,51.666666666666664,157.19993829065103,121.31629166961062,84.29948213928783,116.85415816401795,50.0
2016-05-26 12:00:00,221.66666666666666,97.11854822126261,156.66666666666666,60.0,55.0,157.23130720970892,107.66281050871312,80.90329676294884,91.46253287964055,60.0
2016-05-26 13:00:00,75.0,97.11854822126261,156.66666666666666,71.66666666666667,50.0,157.26267612876683,110.55376997356365,85.58542881431362,91.81531518370102,71.66666666666667
2016-05-26 14:00:00,68.33333333333333,97.11854822126261,156.66666666666666,80.0,63.333333333333336,157.29404504782474,103.48859808966003,103.29926131477025,91.6479518098141,80.0
2016-05-26 15:00:00,61.666666666666664,97.11854822126261,156.66666666666666,80.0,81.66666666666667,157.32541396688265,103.82839825312087,113.21523020330191,93.70210739311057,80.0
2016-05-26 16:00:00,495.0,97.11854822126261,156.66666666666666,231.66666666666666,90.0,157.35678288594053,128.84141963863325,127.76698166063045,111.72289043314069,231.66666666666666
2016-05-26 17:00:00,440.0,97.11854822126261,156.66666666666666,118.33333333333333,208.33333333333334,157.38815180499844,185.42033670364822,178.8273300721041,190.29917912598506,118.33333333333333
2016-05-26 18:00:00,215.0,97.11854822126261,156.66666666666666,156.66666666666666,120.0,157.41952072405635,159.30456109088578,186.33364782346416,204.30113122298582,156.66666666666666
2016-05-26 19:00:00,223.33333333333334,97.46836088997753,215.0,118.33333333333333,98.33333333333333,215.0490045941807,223.70808184030474,113.00477293388847,142.0495413370933,118.33333333333333
2016-05-26 20:00:00,91.66666666666667,97.46836088997753,215.0,190.0,118.33333333333333,215.0980091883614,187.76251549498826,105.30750334916219,142.3789495510837,190.0
2016-05-26 21:00:00,76.66666666666667,97.46836088997753,215.0,56.666666666666664,66.66666666666667,215.1470137825421,132.16222461454828,58.435348491875324,94.79994087124886,56.666666666666664
2016-05-26 22:00:00,70.0,97.46836088997753,215.0,53.333333333333336,50.0,215.1960183767228,100.22439783428219,60.46475620066088,78.76234474493992,53.333333333333336
2016-05-26 23:00:00,65.0,97.46836088997753,215.0,53.333333333333336,56.666666666666664,215.24502297090353,88.253749269846,51.37260869797299,57.299136113003534,53.333333333333336
2016-05-27 00:00:00,60.0,97.46836088997753,215.0,53.333333333333336,51.666666666666664,215.29402756508424,73.80550499451502,49.538959947772796,56.93563895391291,53.333333333333336
2016-05-27 01:00:00,58.333333333333336,97.46836088997753,215.0,55.0,51.666666666666664,215.34303215926494,67.33856016922596,49.67610940000227,57.46003451234995,55.0
2016-05-27 02:00:00,50.0,97.46836088997753,215.0,50.0,36.666666666666664,215.39203675344564,60.76314074815661,50.93978980277203,57.743823542081486,50.0
2016-05-27 03:00:00,58.333333333333336,97.46836088997753,215.0,56.666666666666664,58.333333333333336,215.44104134762634,55.91004730590123,46.234970152777784,55.45081070113098,56.666666666666664
2016-05-27 04:00:00,58.333333333333336,97.46836088997753,215.0,50.0,51.666666666666664,215.49004594180704,52.82389635791437,51.19227132662267,61.10213105255906,50.0
2016-05-27 05:00:00,58.333333333333336,97.46836088997753,215.0,56.666666666666664,61.666666666666664,215.53905053598774,58.57415432942085,53.346450817173796,62.92849100130907,56.666666666666664
2016-05-27 06:00:00,63.333333333333336,97.46836088997753,215.0,61.666666666666664,66.66666666666667,215.58805513016844,61.65646604210722,67.23834493775797,87.62331582647019,61.666666666666664
2016-05-27 07:00:00,111.66666666666667,97.46836088997753,215.0,100.0,80.0,215.63705972434917,84.55266485870001,79.16295032994765,117.27007624685187,100.0
2016-05-27 08:00:00,130.0,97.46836088997753,215.0,156.66666666666666,126.66666666666667,215.68606431852987,106.20726842839002,157.0715224824985,168.42662865641793,156.66666666666666
2016-05-27 09:00:00,251.66666666666666,97.46836088997753,215.0,276.6666666666667,73.33333333333333,215.73506891271057,107.2828506064447,170.23234869715537,145.76455550108514,276.6666666666667
2016-05-27 10:00:00,251.66666666666666,97.46836088997753,215.0,265.0,81.66666666666667,215.78407350689127,119.57818673665687,128.3115806449267,137.47299288874757,265.0
2016-05-27 11:00:00,310.0,97.46836088997753,215.0,243.33333333333334,73.33333333333333,215.83307810107198,123.55884100207459,143.3171794594088,135.24897620519988,243.33333333333334
2016-05-27 12:00:00,185.0,97.46836088997753,215.0,221.66666666666666,71.66666666666667,215.88208269525268,107.76499322580727,112.01830274093986,133.2825821675015,221.66666666666666
2016-05-27 13:00:00,265.0,97.46836088997753,215.0,75.0,61.666666666666664,215.93108728943338,97.33696761153581,114.58904969199101,120.38188158751309,75.0
2016-05-27 14:00:00,101.66666666666667,97.46836088997753,215.0,68.33333333333333,60.0,215.98009188361408,89.43178764654513,113.62496574462727,115.17894004452364,68.33333333333333
2016-05-27 15:00:00,76.66666666666667,97.46836088997753,215.0,61.666666666666664,46.666666666666664,216.02909647779478,89.05217360175256,117.71577575558935,118.42666467359217,61.666666666666664
2016-05-27 16:00:00,135.0,97.46836088997753,215.0,495.0,48.333333333333336,216.0781010719755,143.13309378016106,126.7531822196354,121.07468139010736,495.0
2016-05-27 17:00:00,180.0,97.46836088997753,215.0,440.0,75.0,216.1271056661562,197.38692391765437,142.23347525888266,163.21459920285213,440.0
2016-05-27 18:00:00,430.0,97.46836088997753,215.0,215.0,78.33333333333333,216.1761102603369,151.82947367646696,187.5093298445617,212.93759327163994,215.0
